Symbol,Name,Industry,Latest,%Change,"1M #Hi",Trend,Opinion,"Wtd Alpha","52W %Chg","100D MA","50D MA","150D MA","20D MA","14D Rel Str","1Y vs IDX","YTD vs IDX","200D Avg Vol",Direction,Strength,"14D Stoch %K","50D RelVol","BB Lower","BB Upper",BB%
NBTX,"Nanobiotix S.A. ADR","Medical - Biomedical",34.77,+11.59%,6,Buy,"100% Buy",+524.74,+882.20%,27.26,32.1,25.37,32.61,56.15,853.73,44.35,59846,Strengthening,Strong,60.62%,1.09,29.81,35.4,89%
IREN,"Iren Limited","Finance - Misc Services",54.74,+10.63%,13,Buy,"72% Buy",+389.48,+784.33%,44.09,42.35,47.78,46.21,65.42,755.86,38.89,36832152,Strongest,Soft,59.95%,1.4,37.14,55.29,97%
VSAT,"Viasat Inc","Wireless Equipment",65.57,+2.74%,10,Buy,"100% Buy",+350.40,+612.72%,46.92,52.92,43.02,60.81,64.86,584.25,84.24,2458086,Strongest,"Top 1%",81.31%,0.48,54.14,67.48,86%
CLYM,"Climb Bio Inc","Medical - Biomedical",11.45,+18.16%,11,Buy,"100% Buy",+340.68,+816.00%,6.19,7.79,4.76,9,77.74,787.53,180.21,851022,"Top 1%","Top 1%",75.27%,2.56,7.43,10.57,128%
PARR,"Par Pacific Holdings Inc","Oil - Refining and Marketing",69.2,+2.73%,4,Buy,"100% Buy",+274.84,+364.43%,48.24,57.98,45.57,63.5,63.46,335.96,90.89,1335616,Strongest,Maximum,89.75%,0.97,57.82,69.18,100%
MKSI,"Mks Inc","Electronics Products - Misc",287.65,-1.33%,12,Buy,"100% Buy",+262.35,+286.26%,226.48,248.98,199.05,275.03,62.67,257.79,73.97,1205235,Strengthening,Maximum,73.16%,1.28,258.28,291.78,88%
NBIS,"Nebius Group N.V. Cl A","Internet Software Services",175.92,-0.28%,11,Buy,"100% Buy",+252.81,+639.16%,108.82,124.72,108.86,152.74,68.53,610.69,104.13,16412102,Strongest,Maximum,81.86%,0.71,126.35,179.13,94%
GILT,"Gilat Satellite Ntwk","Satellite Communication",20.07,+9.43%,5,Buy,"100% Buy",+228.39,+212.13%,16.32,17.2,15.2,18.16,64.84,183.66,49.06,814223,Strongest,Strong,71.81%,2.1,16.66,19.65,114%
ALTO,"Alto Ingredients Inc","Consumer Prdts - Misc Discr",5.99,+9.51%,10,Buy,"100% Buy",+223.10,+580.68%,3.57,4.47,2.91,5.14,74.25,552.21,101.95,1251615,"Top 1%","Top 1%",87.54%,1.35,4.45,5.84,111%
CIFR,"Cipher Digital Inc","Technology Services",22.1,+23.53%,11,Buy,"72% Buy",+220.60,+641.61%,16.17,15.93,16.81,18,68.51,613.14,43.69,35579902,Strongest,Average,50.39%,2.47,15.25,20.75,124%
CSTM,"Constellium Se","Metal Products - Distribution",32.96,+6.87%,11,Buy,"100% Buy",+208.60,+198.55%,24.53,27.37,21.67,30.61,65.7,170.08,68.81,1659835,"Top 1%","Top 1%",66.92%,0.93,28.58,32.64,108%
HSHP,"Himalaya Shipping Ltd","Transportation - Ship",15.42,+8.82%,5,Buy,"100% Buy",+188.87,+182.94%,11.81,13.63,10.64,13.86,70.96,154.47,63.41,229665,Strongest,Maximum,65.53%,3.12,12.99,14.73,139%
PDFS,"Pdf Solutions Inc","Computer - Services",46.35,+4.39%,10,Buy,"100% Buy",+167.34,+143.56%,34.14,36.88,31.81,42.21,67.13,115.09,56.42,318342,"Top 1%","Top 1%",58.14%,0.64,37.13,47.3,91%
COGT,"Cogent Biosciences Inc","Medical - Biomedical",36.98,+0.68%,5,Hold,"48% Buy",+166.64,+563.91%,37.13,36.49,32.93,36.57,54.12,535.44,-1.93,2352968,Average,Weak,57.05%,0.83,35.76,37.39,75%
BLDP,"Ballard Power Sys","Utility - Electric Power",4.33,+31.61%,9,Buy,"72% Buy",+163.03,+243.65%,2.58,2.66,2.8,3.16,76.29,215.18,64.43,5077162,Strongest,Strong,77.70%,4.88,2.41,3.9,128%
AVTX,"Avalo Therapeutics Inc","Medical - Drugs",16.26,+18.00%,1,Hold,"16% Buy",+159.13,+223.90%,15.83,15.23,15.97,14.07,60.83,195.43,-16.5,477651,Weakest,Minimum,62.81%,5.44,12.62,15.52,125%
CRDO,"Credo Technology Group Holding Ltd","Electronics - Semiconductors",193.57,+7.50%,13,Buy,"40% Buy",+155.22,+297.56%,133.2,130.15,140.8,165.09,66.73,269.09,28.49,6257682,Strengthening,Good,72.46%,0.83,113,217.17,77%
EWTX,"Edgewise Therapeutics Inc","Medical - Biomedical",38.01,+20.86%,5,Buy,"100% Buy",+146.54,+129.81%,29,31.26,25.63,32.61,70.79,101.34,47.13,1071826,Strongest,"Top 1%",39.16%,5.01,29.11,36.1,127%
LINC,"Lincoln Educational",Schools,45.09,+9.81%,2,Buy,"100% Buy",+144.93,+146.93%,32.57,39.28,28.8,40.67,70.95,118.46,80.67,367948,Strongest,"Top 1%",69.44%,2.78,38.23,43.12,140%
CORZ,"Core Scientific Inc","Finance - Misc Services",22.19,+5.17%,14,Buy,"100% Buy",+143.82,+153.60%,17.34,17.67,17.58,19.88,70.74,125.13,46.36,13809294,"Top 1%",Strong,78.05%,1.08,17.53,22.23,99%
ABVX,"Abivax Sa ADR","Medical - Biomedical",123.78,+5.68%,4,Hold,"64% Buy",+142.48,"+1,638.48%",119.77,116.56,114.08,117.79,57.73,1610.01,-14.25,1420340,Average,Weak,65.95%,1.31,106.81,128.78,77%
KEYS,"Keysight Technologies Inc","Electronics - Measuring Inst",355.93,+1.30%,15,Buy,"100% Buy",+140.66,+141.65%,262.83,308.78,234.99,337.07,70.98,113.18,69.13,1218172,Strongest,Maximum,93.78%,0.51,316.14,358.01,95%
LXU,"Lsb Industries Inc","Chemical - Diversified",15.3,+6.47%,5,Hold,"96% Buy",+134.35,+140.19%,11.74,14.17,10.78,14.46,57.19,111.72,73.96,788937,Strongest,Strong,70.63%,0.73,13.5,15.42,94%
TROX,"Tronox Inc","Chemical - Diversified",10.48,+4.80%,7,Buy,"100% Buy",+131.47,+95.16%,7.18,8.53,6,9.62,63.76,66.69,145.28,4148962,Strongest,Maximum,81.18%,0.88,8.76,10.49,99%
LQDA,"Liquidia Corp","Medical - Biomedical",40.13,+4.29%,5,Buy,"88% Buy",+119.63,+148.95%,36.99,36.72,33.52,38.52,59.16,120.48,10.31,2081021,Strengthening,Average,50.27%,0.83,36.02,41.03,82%
NMM,"Navios Maritime Partners LP","Transportation - Ship",76.68,+7.73%,6,Buy,"100% Buy",+113.28,+110.83%,62.6,68.51,58.07,70.75,67.91,82.36,40.21,131359,Strongest,Maximum,72.55%,2.26,67.25,74.25,135%
SB,"Safe Bulkers Inc","Transportation - Ship",7.11,+5.96%,5,Buy,"100% Buy",+111.10,+103.14%,5.87,6.42,5.48,6.6,69.02,74.67,41.47,511671,Strongest,"Top 1%",81.90%,1.42,6.31,6.89,137%
WBD,"Discovery Inc Series A","Broadcast - Radio & TV",27.22,+0.96%,5,Sell,Hold,+108.66,+225.21%,27.95,27.51,25.85,27.22,49.43,196.74,-11.59,42183973,Bearish,,45.45%,0.69,26.77,27.67,50%
FTAI,"Ftai Aviation Ltd","Aerospace - Defense Equipment",244.37,+1.82%,3,Sell,"8% Buy",+108.57,+142.55%,246.72,252.82,220.73,245.18,50.46,114.08,18.1,1397660,Weakest,Weak,51.36%,0.74,213.48,276.88,49%
ESE,"Esco Technologies Inc","Technology Services",339.35,+3.57%,14,Buy,"100% Buy",+107.98,+106.17%,258.96,292.44,243.9,316.69,71.02,77.7,67.64,232182,"Top 1%","Top 1%",96.25%,0.73,299.91,333.46,118%
MATX,"Matson Inc","Transportation - Services",187.26,+9.62%,6,Buy,"100% Buy",+107.09,+70.13%,154.83,166,137.35,173.71,69.78,41.66,45.53,324956,Strongest,Maximum,57.18%,1.66,166.18,181.24,140%
YOU,"Clear Secure Inc Cl A","Internet - Software",58.77,+4.52%,6,Buy,"100% Buy",+104.59,+133.96%,42.55,50.21,39.4,53.23,66.07,105.49,61.49,1655229,"Top 1%",Maximum,73.78%,1.64,46.46,60,91%
DSX,"Diana Shipping Inc","Transportation - Ship",2.72,+5.02%,5,Buy,"100% Buy",+101.58,+83.78%,2.26,2.49,2.09,2.52,64.28,55.31,57.82,512099,Strongest,Maximum,78.96%,2.16,2.38,2.66,121%
MAMA,"Mama's Creations Inc","Food - Misc & Diversified",14.44,+3.44%,5,Sell,"8% Buy",+101.53,+117.80%,14.84,15.37,13.5,14.62,47.59,89.33,1,365384,Weakest,Weak,29.61%,0.85,13.09,16.15,44%
E,"Eni S.P.A. ADR","Oil - International Integrated",56.5,+0.55%,1,Buy,"100% Buy",+99.15,+98.45%,46.24,52.77,42.98,54.94,60.15,69.98,42.88,347525,Strengthening,Maximum,88.57%,0.58,52.39,57.49,81%
LIND,"Lindblad Expd Holdings","Leisure & Recreation Services",20.47,+14.74%,7,Buy,"100% Buy",+98.17,+124.45%,17.46,18.41,15.69,19,61.34,95.98,35.92,548427,Strongest,Strong,38.04%,1.68,17.18,20.83,90%
PLOW,"Douglas Dynamics","Auto - Truck Replacement Parts",50.74,+13.82%,11,Buy,"100% Buy",+97.82,+108.04%,40.55,44.21,37.39,45.99,68.69,79.57,49.37,182253,Strongest,"Top 1%",46.07%,2.78,43.39,48.59,141%
RIOT,"Riot Platforms Inc","Finance - Misc Services",20.35,+8.94%,10,Buy,"56% Buy",+93.93,+157.59%,15.51,15.8,16.38,17.69,66.13,129.12,54.58,25375902,Strongest,Average,85.13%,1.15,15.63,19.75,115%
WT,"Wisdomtree Inc","Finance - Misc Services",18.24,+5.56%,7,Buy,"100% Buy",+92.69,+98.26%,15.21,15.99,14.17,16.84,63.15,69.79,43.59,3367945,Strongest,Maximum,49.64%,1.15,15.41,18.27,99%
CYTK,Cytokinetics,"Medical - Biomedical",77.09,+16.71%,4,Hold,"96% Buy",+91.32,+110.23%,63.84,63.88,63.23,65.36,72.78,81.76,15.29,2063104,Strengthening,Good,74.86%,7.91,58.72,72,138%
CX,"Cemex S.A.B. DE C.V. ADR","Building - CMT & CNT & AG",12.87,+8.24%,5,Buy,"88% Buy",+90.74,+110.64%,11.87,11.53,11.23,12.06,64.37,82.17,5.97,8500480,Strengthening,Good,62.61%,1.21,11.47,12.64,120%
DGII,"Digi Intl Inc","Computer - Networks",58.44,+2.67%,9,Buy,"100% Buy",+89.57,+108.49%,48.34,51.92,45.1,55.51,68.22,80.02,28.96,251661,"Top 1%","Top 1%",89.87%,0.87,53.02,58,109%
GNK,"Genco Shipping & Trading Ltd","Transportation - Ship",25.21,+5.13%,6,Buy,"100% Buy",+88.80,+85.64%,21.56,23.18,20.14,23.95,61.35,57.17,30.75,503366,Strongest,Maximum,79.92%,1.48,22.89,25.02,109%
ASMB,"Assembly Biosciences","Medical - Generic Drugs",29.55,+6.22%,3,Hold,"16% Buy",+87.55,+109.13%,29.35,28.54,30.07,28.34,57.48,80.66,-19.15,123410,Weakest,Minimum,53.95%,5.25,26.21,30.46,78%
CYRX,"Cryoport Inc","Medical Services",12.19,+19.39%,11,Buy,"56% Buy",+83.03,+110.54%,9.35,9.06,9.37,10.23,74.68,82.07,20.94,584198,Strengthening,Strong,61.06%,4.56,9.08,11.39,135%
WLFC,"Willis Lease Fin C","Transportation - Equip & Lease",229.09,+16.96%,10,Buy,"100% Buy",+81.13,+46.63%,177.27,187.4,160.74,199.21,72.5,18.16,62.86,59542,Strongest,Maximum,62.67%,1.71,178.71,219.71,123%
ZIM,"Zim Integrated Shipping Services Ltd","Transportation - Ship",28.55,+9.51%,5,Hold,"80% Buy",+78.69,+90.08%,24.57,27,21.6,26.48,69.69,61.61,28.44,4108984,Average,Strong,46.84%,4.62,25.37,27.59,143%
DD,"Dupont Denemours Inc","Chemical - Diversified",49.24,+8.43%,5,Hold,"96% Buy",+75.76,+80.19%,45.33,46.41,42.35,46.6,62.55,51.72,16.45,5827586,Strengthening,Good,52.65%,1.97,44.63,48.58,117%
RHLD,"Resolute Holdings Management","Finance - Misc Services",140,+2.17%,3,Sell,"40% Sell",+75.13,+437.02%,177.77,153.75,161.21,145.26,43.81,408.55,-38.22,119812,Weakest,Weak,39.30%,0.66,127.68,162.83,35%
NPO,"Enpro Inc","Technology Services",300.1,+3.66%,11,Buy,"100% Buy",+74.11,+92.66%,252.18,265.75,242.26,283.73,64.48,64.19,34.11,192778,Strongest,Maximum,74.57%,1.37,267.69,299.77,101%
BVS,"Bioventus Inc Cl A","Medical - Drugs",10.68,+5.01%,7,Buy,"100% Buy",+73.20,+51.92%,8.58,9.29,8.08,9.9,66.08,23.45,37.51,361265,"Top 1%",Maximum,64.90%,1.14,8.97,10.83,92%
GDS,"Gds Holdings Ltd ADR","Technology Services",45,+4.48%,9,Buy,"100% Buy",+71.25,+61.93%,41.63,42.26,39.24,42.97,58.58,33.46,22.9,2113903,Strongest,Good,53.53%,0.95,40.46,45.48,90%
ST,"Sensata Technologies Holding N.V.","Industrial Controls",42.82,+4.11%,14,Buy,"100% Buy",+70.01,+94.81%,36.17,37.21,34.56,40.44,64.14,66.34,22.59,1659435,"Top 1%",Maximum,85.86%,0.78,37.47,43.41,90%
ELAN,"Elanco Animal Health Inc","Medical - Outpatient & Hm Care",22.99,+2.13%,5,Sell,"8% Buy",+69.83,+138.24%,23.74,23.76,23.03,22.93,49.67,109.77,-4.45,5798787,Weakest,Minimum,39.95%,1.23,21.65,24.21,53%
IOVA,"Iovance Biotherapeutics Inc","Medical - Biomedical",3.98,+3.38%,4,Hold,"80% Buy",+68.46,+13.71%,3.19,3.81,2.87,3.62,60.75,-14.76,39.75,15194802,Strongest,Average,66.23%,1.03,3.19,4.05,92%
CRWV,"Coreweave Inc Cl A","Internet - Software",127.89,+1.96%,11,Buy,"56% Buy",+65.88,+150.72%,90.36,94.08,96.73,113.19,66.79,122.25,72.55,27710295,Strongest,Average,82.75%,0.82,93.84,132.55,88%
OPLN,"Openlane Inc","Auto - Truck Original Parts",35.36,+10.29%,11,Buy,"88% Buy",+64.45,+84.65%,29.54,29.32,28.44,31.36,84.4,56.18,12.7,890870,Strongest,Strong,67.93%,3.06,29.06,33.66,137%
PGEN,"Precigen Inc","Medical - Biomedical",4.33,+4.59%,5,Buy,"56% Buy",+64.24,+184.87%,4.09,3.77,3.99,4.07,60.9,156.4,-2.45,5965201,Average,Weak,70.54%,0.88,3.85,4.3,107%
SENEA,"Seneca Foods Corp A","Food - Misc & Diversified",146.6,+3.40%,4,Sell,"72% Buy",+63.35,+63.65%,130.65,144.91,125.47,144.62,54.23,35.18,26.47,72960,Average,Strong,52.05%,1.7,120.14,169.1,54%
TKR,"Timken Company","Electronics Products - Misc",109.63,+2.34%,9,Buy,"100% Buy",+62.82,+65.20%,99.01,103.87,91.83,107.36,57.6,36.73,24.27,716536,Strengthening,Strong,66.90%,1.18,103.99,110.73,84%
ULS,"Ul Solutions Inc Cl A","Business Services",104.74,+16.25%,11,Buy,"100% Buy",+62.05,+74.68%,81.18,86.1,81,89.81,76.36,46.21,26.78,980378,"Top 1%",Maximum,72.97%,1.75,81.3,98.31,138%
FLNC,"Fluence Energy Inc Cl A","Other Alt Energy",12.69,+2.92%,5,Sell,"88% Sell",+60.59,+197.89%,18.54,14.51,18.39,13.27,42.34,169.42,-41.88,5819190,Weakening,Average,23.44%,1.01,11.43,15.11,34%
NRC,"Nrc Health","Business Information",18.74,+2.85%,6,Buy,"88% Buy",+56.66,+46.64%,17.29,16.51,16.21,17.34,64.64,18.17,-6.2,99541,Strongest,Average,82.55%,1.36,16.14,18.54,108%
MRCY,"Mercury Sys Inc","Aerospace - Defense Equipment",82.96,+5.64%,8,Sell,"24% Buy",+52.96,+62.16%,83.29,81.09,80.45,80.75,56.7,33.69,7.59,646307,Weakening,Minimum,44.86%,1.81,74.64,86.86,68%
TX,"Ternium S.A. ADR","Steel - Producers",44.11,+3.16%,8,Buy,"88% Buy",+52.92,+48.62%,41.15,41.05,39.52,42.78,60.87,20.15,9.46,209850,Strengthening,Strong,66.18%,1.69,41.28,44.28,94%
ERIC,"Ericsson ADR","Wireless Equipment",11.93,+2.58%,5,Buy,"100% Buy",+49.62,+44.61%,10.85,11.51,10.36,11.67,57.07,16.14,17.59,11501493,Strengthening,Strong,64.05%,0.57,11.08,12.26,72%
ACTG,"Acacia Res-Acacia","Business Services",5.12,-0.78%,4,Buy,"100% Buy",+48.35,+66.78%,4.33,4.78,4.07,4.99,61.02,38.31,30.86,233350,Average,Maximum,83.46%,0.62,4.82,5.16,89%
ROK,"Rockwell Automation Inc","Electronics Products - Misc",435.93,+8.90%,10,Buy,"72% Buy",+46.17,+71.73%,396.37,385.48,387.07,405.58,68.87,43.26,6,900352,Strongest,Strong,45.68%,2.13,386.81,424.36,131%
ABEV,"Ambev S.A. ADR","Beverages - Alcohol",3.37,+16.21%,5,Hold,"96% Buy",+45.77,+36.99%,2.84,2.98,2.68,3.03,71.06,8.52,30.4,31311842,Strongest,Maximum,42.08%,2.14,2.77,3.3,114%
XHR,"Xenia Hotels & Resorts Inc","REIT - Equity Trust Other",16.73,+4.89%,11,Buy,"100% Buy",+44.94,+44.97%,15.2,15.38,14.58,16.09,61.75,16.5,12.28,844752,Strongest,Maximum,47.85%,1.11,15.41,16.77,97%
DRH,"Diamondrock Hospitality Company","REIT - Equity Trust Other",10.64,+4.01%,11,Buy,"100% Buy",+43.89,+40.18%,9.62,9.86,9.19,10.27,64.27,11.71,12.71,2802135,Strongest,Maximum,63.63%,0.96,9.89,10.64,100%
MATW,"Matthews Intl Corp","Funeral Services & Related",28.58,+4.31%,10,Buy,"88% Buy",+38.37,+50.82%,26.53,26.34,25.66,27.6,61.56,22.35,3.38,228856,Strengthening,Strong,38.44%,1.46,26.28,28.93,87%
TECX,"Tectonic Therapeutic Inc","Medical - Biomedical",29.36,-0.98%,1,Sell,"56% Buy",+37.28,+37.26%,25.03,29.38,22.72,29.08,52.45,8.79,34.71,391787,Average,Good,66.38%,0.37,26.95,31.21,57%
EXPD,"Expeditors Intl","Transportation - Services",153.08,+9.57%,8,Buy,"72% Buy",+37.24,+36.96%,150.61,145.1,144.15,146.99,59.04,8.49,-3.31,1358993,Strengthening,Average,56.96%,1.52,141.16,152.82,102%
ATS,"Ats Corp Cda","Machinery - General Industrial",34.31,+6.85%,13,Buy,"100% Buy",+36.96,+35.24%,30.08,30.96,28.85,32.16,63.35,6.77,18.54,130982,Strongest,Maximum,62.61%,1.52,29.97,34.35,99%
IVA,"Inventiva S.A. ADR","Medical - Biomedical",5.42,+2.85%,3,Sell,"24% Buy",+35.39,+53.76%,5.67,5.76,5.35,5.3,50.45,25.29,10.52,288527,Weakening,Weak,37.63%,0.76,4.83,5.78,62%
TARS,"Tarsus Pharmaceuticals Inc","Medical - Biomedical",65.04,+0.73%,7,Sell,"56% Sell",+33.53,+35.50%,70.83,68.8,71.38,66.35,47.36,7.03,-26.61,594726,Weakening,Weak,34.60%,0.63,57.43,75.27,43%
PLUS,"Eplus Inc","Business Software Services",87.15,+1.82%,9,Buy,"72% Buy",+33.52,+35.96%,83.48,79.91,82.31,84.09,65.96,7.49,-6.67,178204,Strongest,Average,75.29%,0.75,80.52,87.66,93%
UTI,"Universal Technical Institute Inc",Schools,38.62,+4.18%,4,Buy,"100% Buy",+31.46,+30.92%,31.97,36.42,30.98,36.54,59.74,2.45,41.76,732088,Strongest,Maximum,65.43%,0.9,34.32,38.77,97%
GILD,"Gilead Sciences Inc","Medical - Biomedical",133.48,+0.60%,3,Sell,"8% Buy",+30.17,+29.83%,136.41,139.63,131.26,134.93,45.33,1.36,2.71,6826811,Weakest,Weak,37.77%,1.01,126.13,143.74,42%
YETI,"Yeti Holdings Inc","Leisure & Recreational Prdcts",39.69,+4.23%,5,Buy,"8% Sell",+29.97,+39.46%,42.82,38.96,40.73,39.19,52.29,10.99,-16.18,1755833,Weakest,Minimum,37.34%,0.72,36.43,41.95,59%
CTVA,"Corteva Inc","Agriculture Operations",83.9,+2.71%,2,Hold,"96% Buy",+28.46,+34.43%,75.58,80.55,71.76,81.26,64.31,5.96,19.13,4133445,Strengthening,Strong,69.38%,1.29,77.86,84.66,89%
RYTM,"Rhythm Pharmaceuticals Inc","Medical - Biomedical",92.31,+7.86%,4,Hold,"64% Sell",+28.45,+43.32%,96.67,87.67,99.24,85.8,62.3,14.85,-19.8,726820,Weakening,Weak,47.09%,2.15,80.84,90.76,116%
ALKS,"Alkermes Plc","Medical - Biomedical",36.25,+6.09%,4,Buy,"100% Buy",+28.08,+15.45%,31.34,31.54,31.04,34,66.57,-13.02,23.52,2193486,Strongest,Maximum,61.39%,1.08,32.62,35.37,132%
VLGEA,"Village Super Mkt","Retail - Supermarket",43.74,+1.41%,4,Buy,"100% Buy",+26.70,+18.31%,39.2,41.81,37.33,42.83,57.65,-10.16,17.54,48076,Strongest,Maximum,84.26%,0.6,40.99,44.68,75%
GSBC,"Great Southern Bncp","Finance - Savings & Loan",69.64,+1.37%,6,Buy,"100% Buy",+25.73,+24.00%,63.87,64.5,62.24,67.74,67.59,-4.47,7.09,57230,"Top 1%",Maximum,64.00%,1.14,66.12,69.35,109%
DMAC,"Diamedica Therapeutics Inc","Medical - Biomedical",6.25,+3.31%,3,Sell,"88% Sell",+24.42,+56.25%,7.64,6.91,7.47,6.31,44.52,27.78,-27.52,324132,Average,Average,28.34%,0.79,5.86,6.77,43%
LUV,"Southwest Airlines Company","Transportation - Airline",39.71,+3.55%,3,Sell,"8% Sell",+22.38,+32.01%,43.19,41.05,39.78,39.67,50.2,3.54,-9.96,9600376,Weakest,Minimum,25.90%,0.53,36.69,42.64,51%
BOH,"Bank of Hawaii Corp","Banks - West",79.89,+0.95%,6,Buy,"100% Buy",+22.18,+17.05%,74.65,76.28,71.33,78.77,58.94,-11.42,10.81,419742,Strengthening,Maximum,50.55%,0.88,76.96,80.57,81%
CSWC,"Capital Southwest","Finance - Investment Mgmt",24.3,+0.83%,8,Buy,"96% Buy",+21.82,+21.02%,22.71,22.71,22.1,23.63,66.11,-7.45,3.67,621965,"Top 1%",Strong,70.64%,0.7,22.72,24.54,87%
CLNE,"Clean Energy Fuels","Utility - Gas Distribution",2.37,-2.07%,2,Buy,"16% Sell",+19.64,+56.95%,2.32,2.32,2.38,2.32,52.45,28.48,6.82,1386224,Weakest,Minimum,51.45%,0.75,2.18,2.45,70%
MLR,"Miller Industries","Auto - Truck Original Parts",49.7,+4.41%,6,Buy,"100% Buy",+19.28,+17.08%,43.14,45.76,41.82,47.71,64.24,-11.39,26.95,90465,"Top 1%",Maximum,74.22%,0.67,46.02,49.39,109%
NVAX,"Novavax Inc","Medical - Biomedical",8.1,+0.87%,6,Sell,"24% Sell",+19.10,+29.19%,8.51,9.04,8.28,8.29,43.12,0.72,14.5,4950563,Weakest,Minimum,27.08%,0.87,7.73,8.85,33%
KOF,"Coca Cola Femsa S.A.B. DE C.V. ADR","Beverages - Soft",106.58,+5.32%,4,Buy,"88% Buy",+19.06,+14.74%,101.69,101.63,96.6,102.58,62.55,-13.73,6.49,198622,Strongest,Good,62.69%,2.09,98.81,106.35,103%
IART,"Integra Lifesciences","Medical Instruments",13.22,+24.13%,10,Buy,"8% Buy",+18.13,-0.45%,11.16,10.12,11.91,10.69,72.62,-28.92,0.4,993680,Weakening,Weak,62.65%,3.6,9.25,12.14,137%
DIN,"Dineequity Inc","Retail - Restaurants",28.15,+5.51%,5,Hold,"64% Sell",+16.99,+37.59%,31.43,28.23,30.16,27.61,51.78,9.12,-18.45,464624,Weakening,Weak,28.39%,1.1,25.5,29.72,63%
BBUC,"Brookfield Business Corp","Business Services",34.4,+1.21%,3,Buy,"8% Sell",+16.84,+27.79%,34.51,33.19,34.56,33.9,56.62,-0.68,-10.16,146720,Weakest,Minimum,63.15%,1.13,32.82,34.98,73%
EQBK,"Equity Bncsrs Cm A","Banks - Northeast",46.07,+1.25%,3,Buy,"88% Buy",+16.75,+16.99%,45.61,44.96,44.32,45.69,56.03,-11.48,-2.86,96007,Strengthening,Average,67.71%,0.64,44.64,46.74,68%
HLLY,"Holley Inc","Auto - Truck Original Parts",3.3,+1.54%,7,Hold,"48% Sell",+14.67,+51.38%,3.71,3.27,3.61,3.24,52.24,22.91,-26.14,886706,Weakest,Weak,53.62%,0.6,3.02,3.46,63%
GTN.A,"Gray Television Inc Cl A","Broadcast - Radio & TV",11.9,+13.12%,3,Sell,"72% Buy",+14.24,+60.16%,11.02,11.44,10.7,11.39,54.34,31.69,-6.87,6774,Average,Average,43.26%,0.27,9.93,12.85,67%
ALV,"Autoliv Inc","Auto - Truck Original Parts",117.44,+2.42%,3,Buy,"24% Sell",+13.76,+24.22%,117.13,110.59,117.82,114.43,58.51,-4.25,-7.1,687997,Weakest,Minimum,42.05%,1.09,107.53,121.33,72%
LYV,"Live Nation Entertainment","Movie & TV Production & Dist",157.26,-0.20%,4,Buy,"72% Buy",+13.67,+15.53%,151.55,157.22,149.26,158.11,50.95,-12.94,4.32,2772468,Weakest,Average,45.80%,1.17,150.24,165.98,45%
BIP,"Brookfield Infrastructure Partners LP","REIT - Equity Trust Other",36.28,+1.54%,4,Sell,"24% Buy",+12.95,+17.68%,36.29,36.84,35.8,36.25,50.61,-10.79,-1.61,699789,Weakening,Weak,68.40%,0.57,35.14,37.35,51%
CBT,"Cabot Corp","Chemical - Diversified",78.93,+4.06%,6,Buy,"100% Buy",+10.64,+1.85%,72.5,73.72,70.53,75.75,63.91,-26.62,13.05,437294,Strongest,Average,76.80%,1.3,72.99,78.51,108%
CG,"The Carlyle Group","Finance - Investment Mgmt",51.29,+2.64%,7,Buy,"40% Sell",+9.10,+26.64%,54.44,49.05,54.99,49.87,57.43,-1.83,-19.27,2971424,Weakest,Soft,49.63%,0.78,46.34,53.39,70%
SGU,"Star Gas Partners LP","Electronics Products - Misc",12.87,+4.29%,5,Hold,"80% Buy",+8.14,+5.67%,12.51,12.64,12.29,12.59,57.73,-22.8,2.66,32930,Strengthening,Average,37.18%,1.39,12.33,12.85,104%
MSI,"Motorola Solutions","Wireless Equipment",438,+0.09%,4,Sell,"24% Buy",+7.18,+8.05%,425.58,451.37,420.91,439.61,47.32,-20.42,8.22,1113354,Weakest,Weak,50.53%,0.89,429.99,449.22,42%
AQN,"Algonquin Power & Util","Utility - Electric Power",6.33,+0.96%,6,Sell,"16% Buy",+6.72,+17.66%,6.38,6.38,6.21,6.3,51.75,-10.81,-3.11,4857696,Weakening,Weak,46.46%,0.77,6.18,6.42,62%
LTH,"Life Time Group Holdings Inc","Leisure & Recreation Services",29.38,+11.80%,4,Buy,"56% Buy",+6.62,-10.51%,27.42,26.91,26.94,27.53,63.87,-38.98,4.49,2428666,Strengthening,Average,43.35%,2.44,25.77,29.3,102%
VST,"Vistra Energy Corp","Utility - Electric Power",160.38,-0.29%,8,Buy,"56% Sell",+5.80,+14.56%,161.42,159.73,170.15,159.24,51.71,-13.91,-6.63,4731754,Weakest,Weak,37.36%,0.84,151,167.48,57%
SCL,"Stepan Company","Chemical - Diversified",52.29,+2.95%,5,Buy,"40% Buy",+5.75,-2.39%,52.05,49.72,49.79,51.29,55.99,-30.86,4.37,172101,Average,Weak,73.17%,0.85,49.3,53.28,75%
AAL,"American Airlines Gp","Transportation - Airline",12.37,+4.74%,6,Buy,"24% Sell",+5.33,+16.04%,13.21,11.52,13.09,11.82,58.5,-12.43,-25.35,64719090,Weakest,Weak,37.35%,0.69,11.01,12.63,84%
LKFN,"Lakeland Finl Corp","Banks - Midwest",62.18,+2.42%,6,Buy,"24% Buy",+5.23,+5.00%,59.12,58.67,59.28,60.67,60.37,-23.47,2.93,154857,Strengthening,Weak,72.23%,0.84,59.17,62.17,100%
SCHW,"The Charles Schwab Corp","Finance - Investment Brokers",92.4,+1.01%,5,Sell,"88% Sell",+4.39,+10.83%,97,93.76,95.9,93.16,48.62,-17.64,-13.56,9662829,Average,Soft,32.87%,0.57,86.98,99.34,44%
IQV,"Iqvia Holdings Inc","Medical Instruments",176.42,+9.62%,4,Hold,"64% Sell",+4.21,+15.84%,193.18,169.18,200.46,168.31,58.44,-12.63,-27.77,1724270,Weakening,Average,39.82%,2.33,153.5,183.13,77%
MSA,"Msa Safety Inc","Protection - Safety",168.87,+2.18%,5,Sell,"56% Sell",+3.68,+8.45%,176.21,175.03,171.97,169.48,48.03,-20.02,-0.59,233615,Weakest,Weak,28.96%,2.22,163.47,175.49,45%
AYI,"Acuity Inc","Technology Services",291.03,+1.90%,7,Buy,"40% Sell",+3.38,+15.25%,308.48,281.34,325.63,287.09,54.65,-13.22,-25.21,349409,Weakest,Average,50.17%,0.52,275.97,298.2,68%
MNPR,"Monopar Therapeutics Inc","Medical - Biomedical",56.88,+4.10%,4,Sell,"72% Sell",+2.66,+31.18%,60.59,55.72,68.76,55.03,55.55,2.71,-18.93,160930,Weakest,Weak,50.63%,0.53,50.55,59.51,71%
OMC,"Omnicom Group Inc","Advertising Marketing Services",77.64,+1.80%,6,Sell,"24% Buy",+1.64,+0.75%,77.75,78.23,76.95,76.89,53.72,-27.72,-9.89,4480837,Weakening,Minimum,53.96%,1.35,74.63,79.15,67%
ASLE,"Aersale Corp","Aerospace - Defense Equipment",7.18,+5.74%,9,Buy,"8% Sell",+1.06,+2.57%,7.02,6.71,7.03,6.81,63.27,-25.9,-5.06,360702,Weakest,Weak,63.17%,0.89,6.48,7.14,105%
WAT,"Waters Corp","Medical Instruments",342.75,+13.54%,9,Hold,Hold,+0.72,-1.62%,342.07,309.3,348.66,318.24,62.8,-30.09,-15.8,851414,Bearish,,49.83%,2.01,290.91,345.57,95%
GRVY,"Gravity Ltd ADR","Internet - Content",63.27,+2.03%,6,Hold,"48% Buy",-0.09,+4.29%,62.37,62.33,61.14,62.21,54.25,-24.18,3.29,20221,Strengthening,Weak,34.19%,0.92,59.11,65.31,67%
ARLO,"Arlo Technologies Inc","Internet - Software",14.73,-0.14%,4,Buy,"24% Buy",-0.13,+43.71%,13.66,14.14,14.54,14.27,56.33,15.24,-0.75,1342868,Weakening,Minimum,55.27%,0.67,13.12,15.42,70%
RVTY,"Revvity Inc","Medical Services",92.3,+6.69%,5,Sell,"56% Sell",-0.84,-0.57%,96.62,89.94,96.14,89.75,56.12,-29.04,-10.64,1334866,Weakest,Soft,45.91%,1.9,82.82,96.69,68%
RAL,"Ralliant Corporation","Technology Services",46.45,+1.98%,7,Buy,"8% Sell",-1.61,N/A,47.15,44.3,46.59,45.45,58.2,N/A,-14.8,1407725,Weakening,Minimum,65.95%,0.73,43.44,47.46,75%
DSGR,"Distribution Solutions Group Inc","Industrial Services",28.01,+2.94%,5,Buy,"8% Sell",-2.61,+11.06%,27.87,26.39,27.92,27.28,59.49,-17.41,-3.78,91451,Weakest,Weak,74.29%,0.28,26.69,27.87,112%
ORCL,"Oracle Corp","Computer - Software",185.35,+2.81%,9,Buy,"8% Sell",-3.66,+24.15%,167.67,157,195.83,167.94,64.39,-4.32,-10.94,25483787,Weakening,Weak,65.26%,0.8,139.55,196.34,81%
HEI,"Heico Corp","Aerospace - Defense Equipment",277.33,+2.90%,5,Sell,"100% Sell",-4.70,+4.86%,311.48,288.98,312.46,279.19,49.08,-23.61,-20.34,475513,Average,Strong,36.69%,1.38,254.02,304.35,46%
STEP,"Stepstone Group Inc Cl A","Finance - Misc Services",55.03,+1.91%,7,Buy,"40% Sell",-4.79,+2.67%,57.3,48.69,59.15,52.39,60.16,-25.8,-20.28,870548,Weakest,Average,53.52%,0.47,46.51,58.28,72%
QNST,"Quinstreet Inc","Internet Services - Delivery",13.83,+8.56%,9,Buy,"8% Sell",-5.69,-25.20%,12.95,12.26,13.44,12.75,64.48,-53.67,-9.8,661455,Weakening,Minimum,70.73%,2.04,11.8,13.71,106%
SOLV,"Solventum Corporation","Medical Services",69.04,+2.37%,8,Buy,"40% Sell",-5.69,+3.21%,73.6,67.86,74.14,68.1,54.61,-25.26,-18.91,1136365,Weakest,Average,37.85%,1.44,65.2,71,66%
HSTM,"Healthstream Inc","Internet - Services",24.36,+14.64%,8,Buy,"8% Buy",-8.66,-26.71%,21.61,21.12,22.94,21.14,73.8,-55.18,-0.45,243326,Average,Minimum,60.86%,1.5,19.31,22.97,138%
UFPT,"U F P Tech Inc","Medical Instruments",212.43,+10.32%,6,Hold,"48% Sell",-9.43,+7.60%,222.48,200.66,218.46,198.39,60.62,-20.87,-10.36,156694,Weakest,Average,58.80%,2.25,187.23,209.55,113%
HCI,"HCI Group","Insurance - Proprty & Casualty",154.78,+3.71%,5,Sell,"88% Sell",-10.07,+4.07%,165.21,158.24,172.89,154.2,49.7,-24.4,-25.3,161264,Weakening,Average,28.22%,0.83,149.65,158.74,56%
DCTH,"Delcath Systems Inc","Medical Instruments",11.53,+4.63%,10,Buy,"40% Buy",-10.71,-3.84%,9.95,9.86,9.93,10.67,66.7,-32.31,8.12,624041,Strengthening,Average,80.81%,1.21,9.83,11.5,102%
RGTI,"Rigetti Computing Inc","Internet - Software",18.27,+3.22%,6,Buy,"40% Sell",-11.29,+88.45%,19.05,16.39,24.4,17.2,58.6,59.98,-23.56,48247875,Weakest,Weak,51.81%,0.87,13.9,20.49,66%
MYGN,"Myriad Genetics Inc","Medical - Biomedical",5.03,+1.82%,3,Buy,"40% Sell",-12.81,-34.68%,5.34,4.8,6.03,4.85,56.09,-63.15,-24.25,1453463,Weakest,Weak,47.72%,0.77,4.42,5.28,71%
CLFD,"Clearfield Inc","Wireless Equipment",29.81,+1.50%,8,Buy,"56% Sell",-13.95,-3.34%,29.88,29.13,30.91,29.01,54.63,-31.81,-3.78,134109,Weakest,Weak,55.96%,0.76,26,32.02,63%
SARO,"Standardaero Inc","Aerospace - Defense",25.1,+2.12%,5,Sell,"88% Sell",-14.05,-9.26%,28.64,26.9,28.06,25.7,44.28,-37.73,-18.52,2795390,Average,Strong,22.81%,0.95,23.22,28.19,38%
MARA,"Mara Holdings Inc","Finance - Misc Services",12.16,+2.79%,11,Buy,"24% Buy",-14.77,-7.10%,9.62,9.63,11.81,11.08,64.38,-35.57,29.37,48822602,Average,Minimum,75.28%,0.81,9.46,12.71,83%
BAM,"Brookfield Asset Management Ltd","Finance - Misc Services",48.43,+1.74%,7,Buy,"40% Sell",-14.99,-10.20%,49.03,45.94,50.68,47.42,58.61,-38.67,-13.6,2747532,Weakest,Average,48.63%,0.86,44.82,50.02,69%
PRMB,"Primo Water Corp","Beverages - Soft",20.27,+0.90%,5,Hold,"16% Buy",-15.71,-39.00%,18.99,20.11,19.06,20.02,53.85,-67.47,17.94,5988970,Weakening,Minimum,44.55%,1.02,19.23,20.81,66%
ULCC,"Frontier Group Holdings Inc","Transportation - Airline",4.37,+6.85%,5,Buy,"24% Sell",-19.57,+24.32%,4.5,3.81,4.41,4,59.2,-4.15,-13.26,4485661,Weakest,Weak,46.26%,1.73,3.4,4.59,81%
KIDS,"Orthopediatrics Corp","Medical Instruments",17.04,+7.98%,5,Hold,"64% Sell",-20.13,-19.17%,17.2,16.71,17.29,16.23,57.46,-47.64,-10.09,175464,Weakest,Soft,46.90%,1.47,14.62,17.85,75%
CSAN,"Cosan Sa Spon ADR WI","Other Alt Energy",4.3,+5.13%,3,Sell,"64% Sell",-21.46,-20.22%,4.3,4.27,4.42,4.17,55.08,-48.69,2.82,2077384,Weakening,Weak,43.25%,0.77,3.89,4.46,72%
SLG,"SL Green Realty Corp","REIT - Equity Trust Other",43.74,+4.17%,9,Buy,"24% Sell",-22.09,-20.08%,42,39.37,44.94,41.74,60.75,-48.55,-10.68,1217439,Weakening,Weak,64.76%,0.62,37.99,45.49,77%
CRTO,"Criteo S.A. ADR","Internet Software Services",20.12,+4.52%,8,Buy,"8% Buy",-23.35,-28.55%,19.07,18.5,19.66,19.08,61.97,-57.02,-8.42,463458,Average,Weak,74.46%,1.58,17.94,20.22,96%
KVUE,"Kenvue Inc","Consumer Prdts - Misc Staple",17.37,+1.28%,5,Sell,"56% Sell",-23.69,-26.52%,17.61,17.66,17.1,17.4,48.28,-54.99,-5.34,33922605,Weakening,Weak,35.15%,0.72,17.16,17.65,43%
FUFU,"Bitfufu Inc Cl A","Finance - Misc Services",2.24,+3.70%,7,Hold,"64% Sell",-26.25,-33.13%,2.49,2.21,2.77,2.17,53.5,-61.6,-21.19,264186,Weakest,Good,43.48%,0.81,1.82,2.52,59%
EVER,"Everquote Inc Cl A","Internet - Software",23.82,+63.04%,8,Hold,Hold,-29.33,-9.57%,19.43,15.99,20.74,16.12,77.09,-38.04,-17.82,667388,Falling,,45.90%,7.04,12.35,19.89,152%
ETOR,"Etoro Group Ltd Cl A","Insurance - Brokers",38.91,+1.57%,10,Buy,"40% Buy",-29.83,N/A,32.54,32.76,34.79,36.08,68.74,N/A,4.72,1197334,Strengthening,Weak,73.01%,1.17,31.54,40.62,81%
BOW,"Bowhead Specialty Holdings Inc","Insurance - Proprty & Casualty",25.07,+7.69%,8,Buy,"24% Sell",-31.15,-39.30%,24.77,23.55,25.19,24.11,60.27,-67.77,-18.2,249395,Weakening,Minimum,47.39%,1.71,23.35,24.86,114%
OLED,"Universal Display","Electronics - Misc Components",98.45,+1.96%,6,Sell,"72% Sell",-34.29,-31.26%,108.12,96.73,116.52,96.41,54.09,-59.73,-21.74,693964,Weakest,Strong,75.05%,2.74,89.23,103.6,64%
BLSH,"Bullish Ord Shs","Internet - Software",45.34,+11.40%,8,Buy,N/A,-34.83,N/A,37.32,37.73,41.82,40.31,63.72,N/A,13.69,N/A,N/A,N/A,55.46%,2.94,35.29,45.32,100%
ALKT,"Alkami Technology Inc","Internet - Software",16.85,-1.86%,6,Sell,"72% Sell",-39.30,-39.13%,18.62,16.7,19.73,16.62,51.75,-67.6,-33.,1602665,Weakest,Good,52.50%,1.07,15.26,17.97,59%
AIOT,"Powerfleet Inc","Internet - Software",3.33,+1.52%,5,Buy,"40% Sell",-39.97,-34.45%,4.13,3.22,4.44,3.25,53.17,-62.92,-43.45,1512544,Weakest,Good,41.18%,0.87,2.91,3.59,62%
FWDI,"Forward Industries Inc","Medical Services",4.75,+5.79%,5,Sell,"72% Sell",-71.64,-46.40%,5.64,4.65,8.7,4.6,53.04,-74.87,-34.18,703057,Weakest,Average,45.93%,0.87,4.24,4.96,70%
AERO,"Grupo Aeromexico S.A.B. ADR","Aerospace - Defense",15.77,+6.55%,6,Buy,N/A,N/A,N/A,17.83,15.34,0,15.44,54.94,N/A,-34.23,N/A,N/A,N/A,27.33%,0.5,14.41,16.47,66%
PURR,"Hyperliquid Strategies Inc","Finance - Misc Services",6.68,+4.70%,6,Buy,N/A,N/A,N/A,4.69,5.5,0,6.12,62.57,N/A,81.6,N/A,N/A,N/A,71.29%,1.62,5.46,6.78,93%
XZO,"Exzeo Group Inc","Insurance - Proprty & Casualty",17.25,+6.75%,7,Buy,N/A,N/A,N/A,17.86,15.66,0,16.39,58.89,N/A,-34.91,N/A,N/A,N/A,41.22%,1.18,15.13,17.66,84%
"Downloaded from Barchart.com as of 05-05-2026 09:53pm CDT"
